﻿{"autoplayBgm":false,"autoplayBgs":false,"battleback1Name":"","battleback2Name":"","bgm":{"name":"","pan":0,"pitch":100,"volume":90},"bgs":{"name":"","pan":0,"pitch":100,"volume":90},"disableDashing":false,"displayName":"","encounterList":[],"encounterStep":30,"height":13,"note":"","parallaxLoopX":false,"parallaxLoopY":false,"parallaxName":"","parallaxShow":true,"parallaxSx":0,"parallaxSy":0,"scrollType":0,"specifyBattleback":false,"tilesetId":1,"width":17,"data":[1536,1537,1538,1539,1540,1541,1542,1543,0,0,0,0,0,0,0,0,0,1544,1545,1546,1547,1548,1549,1550,1551,0,0,0,0,0,0,0,0,0,1552,1553,1554,1555,1556,1557,1558,1559,0,0,0,0,0,0,0,0,0,1560,1561,1562,1563,1564,1565,1566,1567,0,0,0,0,0,0,0,0,0,1568,1569,1570,1571,1572,1573,1574,1575,0,0,0,0,0,0,0,0,0,1576,1577,1578,1579,1580,1581,1582,1583,0,0,0,0,0,0,0,0,0,1584,1585,1586,1587,1588,1589,1590,1591,0,0,0,0,0,0,0,0,0,1592,1593,1594,1595,1596,1597,1598,1599,0,0,0,0,0,0,0,0,0,1600,1601,1602,1603,1604,1605,1606,1607,0,0,0,0,0,0,0,0,0,1608,1609,1610,1611,1612,1613,1614,1615,0,0,0,0,0,0,0,0,0,1616,1617,1618,1619,1620,1621,1622,1623,0,0,0,0,0,0,0,0,0,1624,1625,1626,1627,1628,1629,1630,1631,0,0,0,0,0,0,0,0,0,1632,1633,1634,1635,1636,1637,1638,1639,0,0,0,0,0,0,0,0,0,0,0,0,0,0,0,0,0,0,0,0,0,0,0,0,0,0,0,0,0,0,0,0,0,0,0,0,0,0,0,0,0,0,0,0,0,0,0,0,0,0,0,0,0,0,0,0,0,0,0,0,0,0,0,0,0,0,0,0,0,0,0,0,0,0,0,0,0,0,0,0,0,0,0,0,0,0,0,0,0,0,0,0,0,0,0,0,0,0,0,0,0,0,0,0,0,0,0,0,0,0,0,0,0,0,0,0,0,0,0,0,0,0,0,0,0,0,0,0,0,0,0,0,0,0,0,0,0,0,0,0,0,0,0,0,0,0,0,0,0,0,0,0,0,0,0,0,0,0,0,0,0,0,0,0,0,0,0,0,0,0,0,0,0,0,0,0,0,0,0,0,0,0,0,0,0,0,0,0,0,0,0,0,0,0,0,0,0,0,0,0,0,0,0,0,0,0,0,0,0,0,0,0,0,0,0,0,0,0,0,0,0,0,0,0,0,0,0,0,0,0,0,0,0,0,0,0,0,0,0,0,0,0,0,0,0,0,0,0,0,0,0,0,0,0,0,0,0,0,0,0,0,0,0,0,0,0,0,0,0,0,0,0,0,0,0,0,0,0,0,0,0,0,0,0,0,0,0,0,0,0,0,0,0,0,0,0,0,0,0,0,0,0,0,0,0,0,0,0,0,0,0,0,0,0,0,0,0,0,0,0,0,0,0,0,0,0,0,0,0,0,0,0,0,0,0,0,0,0,0,0,0,0,0,0,0,0,0,0,0,0,0,0,0,0,0,0,0,0,0,0,0,0,0,0,0,0,0,0,0,0,0,0,0,0,0,0,0,0,0,0,0,0,0,0,0,0,0,0,0,0,0,0,0,0,0,0,0,0,0,0,0,0,0,0,0,0,0,0,0,0,0,0,0,0,0,0,0,0,0,0,0,0,0,0,0,0,0,0,0,0,0,0,0,0,0,0,0,0,0,0,0,0,0,0,0,0,0,0,0,0,0,0,0,0,0,0,0,0,0,512,1,2,3,4,5,6,7,256,0,0,0,0,0,0,0,0,8,9,10,11,12,13,14,15,264,0,0,0,0,0,0,0,0,16,17,18,19,20,21,22,23,272,0,0,0,0,0,0,0,0,24,25,26,27,28,29,30,31,280,0,0,0,0,0,0,0,0,32,33,34,35,36,37,38,39,288,0,0,0,0,0,0,0,0,40,41,42,43,44,45,46,47,296,0,0,0,0,0,0,0,0,48,49,50,51,52,53,54,55,304,0,0,0,0,0,0,0,0,56,57,58,59,60,61,62,63,312,0,0,0,0,0,0,0,0,64,65,66,67,68,69,70,71,320,0,0,0,0,0,0,0,0,72,73,74,75,76,77,78,79,328,0,0,0,0,0,0,0,0,80,81,82,83,84,85,86,87,336,0,0,0,0,0,0,0,0,88,89,90,91,92,93,94,95,344,0,0,0,0,0,0,0,0,96,97,98,99,100,101,102,103,352,0,0,0,0,0,0,0,0,0,0,0,0,0,0,0,0,0,0,0,0,0,0,0,0,0,0,0,0,0,0,0,0,0,0,0,0,0,0,0,0,0,0,0,0,0,0,0,0,0,0,0,0,0,0,0,0,0,0,0,0,0,0,0,0,0,0,0,0,0,0,0,0,0,0,0,0,0,0,0,0,0,0,0,0,0,0,0,0,0,0,0,0,0,0,0,0,0,0,0,0,0,0,0,0,0,0,0,0,0,0,0,0,0,0,0,0,0,0,0,0,0,0,0,0,0,0,0,0,0,0,0,0,0,0,0,0,0,0,0,0,0,0,0,0,0,0,0,0,0,0,0,0,0,0,0,0,0,0,0,0,0,0,0,0,0,0,0,0,0,0,0,0,0,0,0,0,0,0,0,0,0,0,0,0,0,0,0,0,0,0,0,0,0,0,0,0,0,0,0,0,0,0,0,0,0,0,0,0,0,0,0,0,0,0,0,0,0,0,0,0,0,0,0,0,0,0,0,0,0,0,0,0,0,0,0,0,0,0,0,0,0,0,0,0,0,0,0,0,0,0,0,0,0,0,0,0,0,0,0,0,0,0,0,0,0,0,0,0,0,0,0,0,0,0,0,0,0,0,0,0,0,0,0,0,0,0,0,0,0,0,0,0,0,0,0,0,0,0,0,0,0,0,0,0,0,0,0,0,0,0,0,0,0,0,0,0,0,0,0,0,0,0,0,0,0,0,0,0,0,0,0,0,0,0,0,0,0,0,0,0,0,0,0,0,0,0,0,0,0,0,0,0,0,0,0,0,0,0,0,0,0,0,0,0,0,0,0,0,0,0,0,0,0,0,0,0,0,0,0,0,0,0,0,0,0,0,0,0,0,0,0,0,0,0,0,0,0,0,0,0,0,0,0,0,0,0,0,0,0,0,0,0,0,0,0,0,0,0,0,0,0,0,0,0,0,0,0,0,0,0,0,0,0,0,0,0,0,0,0,0,0,0],"events":[null,{"id":1,"name":"Bonne Fin Partie 3","note":"","pages":[{"conditions":{"actorId":1,"actorValid":false,"itemId":1,"itemValid":false,"selfSwitchCh":"A","selfSwitchValid":false,"switch1Id":1,"switch1Valid":false,"switch2Id":1,"switch2Valid":false,"variableId":1,"variableValid":false,"variableValue":0},"directionFix":false,"image":{"characterIndex":0,"characterName":"","direction":2,"pattern":0,"tileId":0},"list":[{"code":111,"indent":0,"parameters":[0,49,1]},{"code":261,"indent":1,"parameters":["GOOD_END_WITH_CREDITS_v02_MV"]},{"code":0,"indent":1,"parameters":[]},{"code":411,"indent":0,"parameters":[]},{"code":0,"indent":1,"parameters":[]},{"code":412,"indent":0,"parameters":[]},{"code":230,"indent":0,"parameters":[120]},{"code":101,"indent":0,"parameters":["",0,2,1]},{"code":401,"indent":0,"parameters":["\\SE[3]\\fs[25].................................\\>"]},{"code":230,"indent":0,"parameters":[60]},{"code":101,"indent":0,"parameters":["",0,2,1]},{"code":401,"indent":0,"parameters":["\\fs[25]Je pense que..."]},{"code":101,"indent":0,"parameters":["",0,2,1]},{"code":401,"indent":0,"parameters":["\\fs[25]Maman et papa voulait que je fasse ce choix."]},{"code":230,"indent":0,"parameters":[60]},{"code":101,"indent":0,"parameters":["",0,2,1]},{"code":401,"indent":0,"parameters":["\\fs[25]Pour que je puisse vivre dans un monde plus lumineux."]},{"code":230,"indent":0,"parameters":[60]},{"code":101,"indent":0,"parameters":["",0,2,1]},{"code":401,"indent":0,"parameters":["\\fs[25]..."]},{"code":230,"indent":0,"parameters":[60]},{"code":101,"indent":0,"parameters":["",0,2,1]},{"code":401,"indent":0,"parameters":["\\fs[25]Toutefois..."]},{"code":101,"indent":0,"parameters":["",0,2,1]},{"code":401,"indent":0,"parameters":["\\fs[25]Je ne peux pas en croire mes yeux."]},{"code":401,"indent":0,"parameters":["Ce monde extérieur devant moi."]},{"code":230,"indent":0,"parameters":[60]},{"code":101,"indent":0,"parameters":["",0,2,1]},{"code":401,"indent":0,"parameters":["\\fs[25]Il est tellement beau."]},{"code":223,"indent":0,"parameters":[[0,0,0,0],120,true]},{"code":230,"indent":0,"parameters":[100]},{"code":231,"indent":0,"parameters":[14,"END_Good",1,0,650,100,100,100,0,0]},{"code":232,"indent":0,"parameters":[14,0,1,0,650,100,100,100,255,0,100,true]},{"code":112,"indent":0,"parameters":[]},{"code":111,"indent":1,"parameters":[11,"ok"]},{"code":113,"indent":2,"parameters":[]},{"code":0,"indent":2,"parameters":[]},{"code":412,"indent":1,"parameters":[]},{"code":0,"indent":1,"parameters":[]},{"code":413,"indent":0,"parameters":[]},{"code":232,"indent":0,"parameters":[14,0,1,0,650,100,100,100,0,0,100,false]},{"code":223,"indent":0,"parameters":[[-255,-255,-255,0],100,true]},{"code":235,"indent":0,"parameters":[14]},{"code":230,"indent":0,"parameters":[60]},{"code":111,"indent":0,"parameters":[0,37,0]},{"code":201,"indent":1,"parameters":[0,37,8,11,0,0]},{"code":0,"indent":1,"parameters":[]},{"code":411,"indent":0,"parameters":[]},{"code":354,"indent":1,"parameters":[]},{"code":0,"indent":1,"parameters":[]},{"code":412,"indent":0,"parameters":[]},{"code":0,"indent":0,"parameters":[]}],"moveFrequency":3,"moveRoute":{"list":[{"code":0,"parameters":[]}],"repeat":true,"skippable":false,"wait":false},"moveSpeed":3,"moveType":0,"priorityType":0,"stepAnime":false,"through":false,"trigger":3,"walkAnime":true},{"conditions":{"actorId":1,"actorValid":false,"itemId":1,"itemValid":false,"selfSwitchCh":"A","selfSwitchValid":true,"switch1Id":1,"switch1Valid":false,"switch2Id":1,"switch2Valid":false,"variableId":1,"variableValid":false,"variableValue":0},"directionFix":false,"image":{"characterIndex":0,"characterName":"","direction":2,"pattern":0,"tileId":0},"list":[{"code":0,"indent":0,"parameters":[]}],"moveFrequency":3,"moveRoute":{"list":[{"code":0,"parameters":[]}],"repeat":true,"skippable":false,"wait":false},"moveSpeed":3,"moveType":0,"priorityType":0,"stepAnime":false,"through":false,"trigger":4,"walkAnime":true}],"x":16,"y":0}]}