﻿[null,{"id":1,"expanded":true,"name":"Maison Jour 1","order":1,"parentId":0,"scrollX":443,"scrollY":448},{"id":2,"expanded":true,"name":"Chambre de la Fille Seule","order":2,"parentId":1,"scrollX":604.5,"scrollY":448},{"id":3,"expanded":true,"name":"Étage","order":3,"parentId":1,"scrollX":432.8888888888889,"scrollY":558.2222222222222},{"id":4,"expanded":false,"name":"Rez-de-chaussée","order":4,"parentId":1,"scrollX":832,"scrollY":640},{"id":5,"expanded":true,"name":"Sous-sol","order":5,"parentId":1,"scrollX":443,"scrollY":448},{"id":6,"expanded":false,"name":"Cuisine","order":6,"parentId":1,"scrollX":832,"scrollY":640},{"id":7,"expanded":false,"name":"Salon","order":7,"parentId":1,"scrollX":520.8888888888889,"scrollY":558.2222222222222},{"id":8,"expanded":false,"name":"Salle de bain","order":8,"parentId":1,"scrollX":520.8888888888889,"scrollY":558.2222222222222},{"id":9,"expanded":true,"name":"Maison Jour 2","order":9,"parentId":0,"scrollX":432.8888888888889,"scrollY":558.2222222222222},{"id":10,"expanded":true,"name":"Chambre de la Fille Seule","order":10,"parentId":9,"scrollX":746.2222222222222,"scrollY":558.2222222222222},{"id":11,"expanded":true,"name":"Étage","order":11,"parentId":9,"scrollX":739.1111111111111,"scrollY":481.3333333333333},{"id":12,"expanded":false,"name":"Rez-de-chaussée","order":12,"parentId":9,"scrollX":432.8888888888889,"scrollY":558.2222222222222},{"id":13,"expanded":true,"name":"Sous-sol","order":13,"parentId":9,"scrollX":432.8888888888889,"scrollY":558.2222222222222},{"id":14,"expanded":false,"name":"Cuisine","order":14,"parentId":9,"scrollX":432.8888888888889,"scrollY":558.2222222222222},{"id":15,"expanded":false,"name":"Salon","order":15,"parentId":9,"scrollX":832,"scrollY":640},{"id":16,"expanded":false,"name":"Salle de bain","order":16,"parentId":9,"scrollX":443,"scrollY":448},{"id":17,"expanded":true,"name":"Maison Jour 3","order":17,"parentId":0,"scrollX":604.5,"scrollY":448},{"id":18,"expanded":true,"name":"Chambre de la Fille Seule","order":18,"parentId":17,"scrollX":604.5,"scrollY":448.5},{"id":19,"expanded":true,"name":"Étage","order":19,"parentId":17,"scrollX":432.8888888888889,"scrollY":558.2222222222222},{"id":20,"expanded":false,"name":"Rez-de-chaussée","order":20,"parentId":17,"scrollX":1092,"scrollY":604},{"id":21,"expanded":true,"name":"Sous-sol","order":21,"parentId":17,"scrollX":443,"scrollY":448.5},{"id":22,"expanded":false,"name":"Cuisine","order":22,"parentId":17,"scrollX":604.5,"scrollY":448},{"id":23,"expanded":false,"name":"Salon","order":23,"parentId":17,"scrollX":432.8888888888889,"scrollY":558.2222222222222},{"id":24,"expanded":false,"name":"Salle de bain","order":24,"parentId":17,"scrollX":604.5,"scrollY":448},{"id":25,"expanded":true,"name":"Maison Jour 4","order":25,"parentId":0,"scrollX":604.5,"scrollY":448},{"id":26,"expanded":true,"name":"Chambre de la Fille Seule","order":26,"parentId":25,"scrollX":443,"scrollY":448.5},{"id":27,"expanded":true,"name":"Étage BRISÉ","order":27,"parentId":25,"scrollX":1092,"scrollY":604},{"id":28,"expanded":true,"name":"Chambre de la Fille Seule BRISÉ","order":28,"parentId":25,"scrollX":832,"scrollY":640},{"id":29,"expanded":false,"name":"Rez-de-chaussée BRISÉ","order":29,"parentId":25,"scrollX":832,"scrollY":640},{"id":30,"expanded":true,"name":"Sous-sol BRISÉ","order":30,"parentId":25,"scrollX":432.8888888888889,"scrollY":558.2222222222222},{"id":31,"expanded":false,"name":"Cuisine BRISÉ","order":31,"parentId":25,"scrollX":832,"scrollY":640},{"id":32,"expanded":false,"name":"Salon BRISÉ","order":32,"parentId":25,"scrollX":496.8888888888889,"scrollY":515.5555555555555},{"id":33,"expanded":false,"name":"Salle de bain BRISÉ","order":33,"parentId":25,"scrollX":690.6666666666666,"scrollY":401.77777777777777},{"id":34,"expanded":false,"name":"Chambre des Parents BRISÉ","order":34,"parentId":25,"scrollX":432.8888888888889,"scrollY":558.2222222222222},{"id":35,"expanded":false,"name":"Bonne Fin","order":35,"parentId":0,"scrollX":604.5,"scrollY":449},{"id":36,"expanded":false,"name":"Mauvaise Fin","order":36,"parentId":0,"scrollX":690.6666666666666,"scrollY":558.2222222222222},{"id":37,"expanded":false,"name":"SALLE BONUS","order":37,"parentId":0,"scrollX":459,"scrollY":448},{"id":38,"expanded":false,"name":"mon monde","order":40,"parentId":0,"scrollX":604.5,"scrollY":448},{"id":39,"expanded":false,"name":"Scène d'Ouverture","order":38,"parentId":0,"scrollX":1090.6666666666667,"scrollY":604},{"id":40,"expanded":false,"name":"Pire Fin","order":39,"parentId":0,"scrollX":432.8888888888889,"scrollY":558.2222222222222}]