{"frames": {

"!.png":
{
	"frame": {"x":0,"y":0,"w":15,"h":20},
	"rotated": false,
	"trimmed": false,
	"spriteSourceSize": {"x":0,"y":0,"w":15,"h":20},
	"sourceSize": {"w":15,"h":20}
},
"#.png":
{
	"frame": {"x":15,"y":0,"w":15,"h":20},
	"rotated": false,
	"trimmed": false,
	"spriteSourceSize": {"x":0,"y":0,"w":15,"h":20},
	"sourceSize": {"w":15,"h":20}
},
"$.png":
{
	"frame": {"x":30,"y":0,"w":15,"h":20},
	"rotated": false,
	"trimmed": false,
	"spriteSourceSize": {"x":0,"y":0,"w":15,"h":20},
	"sourceSize": {"w":15,"h":20}
},
"%.png":
{
	"frame": {"x":45,"y":0,"w":15,"h":20},
	"rotated": false,
	"trimmed": false,
	"spriteSourceSize": {"x":0,"y":0,"w":15,"h":20},
	"sourceSize": {"w":15,"h":20}
},
"&.png":
{
	"frame": {"x":60,"y":0,"w":15,"h":20},
	"rotated": false,
	"trimmed": false,
	"spriteSourceSize": {"x":0,"y":0,"w":15,"h":20},
	"sourceSize": {"w":15,"h":20}
},
"'.png":
{
	"frame": {"x":79,"y":0,"w":6,"h":20},
	"rotated": false,
	"trimmed": false,
	"spriteSourceSize": {"x":0,"y":0,"w":15,"h":20},
	"sourceSize": {"w":15,"h":20}
},
"(.png":
{
	"frame": {"x":90,"y":0,"w":15,"h":20},
	"rotated": false,
	"trimmed": false,
	"spriteSourceSize": {"x":0,"y":0,"w":15,"h":20},
	"sourceSize": {"w":15,"h":20}
},
").png":
{
	"frame": {"x":105,"y":0,"w":15,"h":20},
	"rotated": false,
	"trimmed": false,
	"spriteSourceSize": {"x":0,"y":0,"w":15,"h":20},
	"sourceSize": {"w":15,"h":20}
},
"+.png":
{
	"frame": {"x":0,"y":20,"w":15,"h":20},
	"rotated": false,
	"trimmed": false,
	"spriteSourceSize": {"x":0,"y":0,"w":15,"h":20},
	"sourceSize": {"w":15,"h":20}
},
",.png":
{
	"frame": {"x":20,"y":20,"w":5,"h":20},
	"rotated": false,
	"trimmed": false,
	"spriteSourceSize": {"x":0,"y":0,"w":15,"h":20},
	"sourceSize": {"w":15,"h":20}
},
"-.png":
{
	"frame": {"x":30,"y":20,"w":15,"h":20},
	"rotated": false,
	"trimmed": false,
	"spriteSourceSize": {"x":0,"y":0,"w":15,"h":20},
	"sourceSize": {"w":15,"h":20}
},
"..png":
{
	"frame": {"x":49,"y":20,"w":7,"h":20},
	"rotated": false,
	"trimmed": false,
	"spriteSourceSize": {"x":0,"y":0,"w":15,"h":20},
	"sourceSize": {"w":15,"h":20}
},
"0.png":
{
	"frame": {"x":60,"y":20,"w":15,"h":20},
	"rotated": false,
	"trimmed": false,
	"spriteSourceSize": {"x":0,"y":0,"w":15,"h":20},
	"sourceSize": {"w":15,"h":20}
},
"1.png":
{
	"frame": {"x":75,"y":20,"w":15,"h":20},
	"rotated": false,
	"trimmed": false,
	"spriteSourceSize": {"x":0,"y":0,"w":15,"h":20},
	"sourceSize": {"w":15,"h":20}
},
"2.png":
{
	"frame": {"x":90,"y":20,"w":15,"h":20},
	"rotated": false,
	"trimmed": false,
	"spriteSourceSize": {"x":0,"y":0,"w":15,"h":20},
	"sourceSize": {"w":15,"h":20}
},
"3.png":
{
	"frame": {"x":105,"y":20,"w":15,"h":20},
	"rotated": false,
	"trimmed": false,
	"spriteSourceSize": {"x":0,"y":0,"w":15,"h":20},
	"sourceSize": {"w":15,"h":20}
},
"4.png":
{
	"frame": {"x":0,"y":40,"w":15,"h":20},
	"rotated": false,
	"trimmed": false,
	"spriteSourceSize": {"x":0,"y":0,"w":15,"h":20},
	"sourceSize": {"w":15,"h":20}
},
"5.png":
{
	"frame": {"x":15,"y":40,"w":15,"h":20},
	"rotated": false,
	"trimmed": false,
	"spriteSourceSize": {"x":0,"y":0,"w":15,"h":20},
	"sourceSize": {"w":15,"h":20}
},
"6.png":
{
	"frame": {"x":30,"y":40,"w":15,"h":20},
	"rotated": false,
	"trimmed": false,
	"spriteSourceSize": {"x":0,"y":0,"w":15,"h":20},
	"sourceSize": {"w":15,"h":20}
},
"7.png":
{
	"frame": {"x":45,"y":40,"w":15,"h":20},
	"rotated": false,
	"trimmed": false,
	"spriteSourceSize": {"x":0,"y":0,"w":15,"h":20},
	"sourceSize": {"w":15,"h":20}
},
"8.png":
{
	"frame": {"x":60,"y":40,"w":15,"h":20},
	"rotated": false,
	"trimmed": false,
	"spriteSourceSize": {"x":0,"y":0,"w":15,"h":20},
	"sourceSize": {"w":15,"h":20}
},
"9.png":
{
	"frame": {"x":75,"y":40,"w":15,"h":20},
	"rotated": false,
	"trimmed": false,
	"spriteSourceSize": {"x":0,"y":0,"w":15,"h":20},
	"sourceSize": {"w":15,"h":20}
},
"=.png":
{
	"frame": {"x":90,"y":40,"w":15,"h":20},
	"rotated": false,
	"trimmed": false,
	"spriteSourceSize": {"x":0,"y":0,"w":15,"h":20},
	"sourceSize": {"w":15,"h":20}
},
"@.png":
{
	"frame": {"x":105,"y":40,"w":15,"h":20},
	"rotated": false,
	"trimmed": false,
	"spriteSourceSize": {"x":0,"y":0,"w":15,"h":20},
	"sourceSize": {"w":15,"h":20}
},
"[.png":
{
	"frame": {"x":0,"y":200,"w":15,"h":20},
	"rotated": false,
	"trimmed": false,
	"spriteSourceSize": {"x":0,"y":0,"w":15,"h":20},
	"sourceSize": {"w":15,"h":20}
},
"].png":
{
	"frame": {"x":0,"y":220,"w":15,"h":20},
	"rotated": false,
	"trimmed": false,
	"spriteSourceSize": {"x":0,"y":0,"w":15,"h":20},
	"sourceSize": {"w":15,"h":20}
},
"^.png":
{
	"frame": {"x":15,"y":120,"w":15,"h":20},
	"rotated": false,
	"trimmed": false,
	"spriteSourceSize": {"x":0,"y":0,"w":15,"h":20},
	"sourceSize": {"w":15,"h":20}
},
"_.png":
{
	"frame": {"x":30,"y":120,"w":15,"h":20},
	"rotated": false,
	"trimmed": false,
	"spriteSourceSize": {"x":0,"y":0,"w":15,"h":20},
	"sourceSize": {"w":15,"h":20}
},
"_scx1.png":
{
	"frame": {"x":49,"y":120,"w":15,"h":20},
	"rotated": false,
	"trimmed": false,
	"spriteSourceSize": {"x":0,"y":0,"w":15,"h":20},
	"sourceSize": {"w":15,"h":20}
},
"_scx2.png":
{
	"frame": {"x":79,"y":120,"w":19,"h":20},
	"rotated": false,
	"trimmed": false,
	"spriteSourceSize": {"x":0,"y":0,"w":15,"h":20},
	"sourceSize": {"w":15,"h":20}
},
"_scx3.png":
{
	"frame": {"x":90,"y":120,"w":15,"h":20},
	"rotated": false,
	"trimmed": false,
	"spriteSourceSize": {"x":0,"y":0,"w":15,"h":20},
	"sourceSize": {"w":15,"h":20}
},
"_scx4.png":
{
	"frame": {"x":105,"y":120,"w":15,"h":20},
	"rotated": false,
	"trimmed": false,
	"spriteSourceSize": {"x":0,"y":0,"w":15,"h":20},
	"sourceSize": {"w":15,"h":20}
},
"_scx5.png":
{
	"frame": {"x":15,"y":140,"w":15,"h":20},
	"rotated": false,
	"trimmed": false,
	"spriteSourceSize": {"x":0,"y":0,"w":15,"h":20},
	"sourceSize": {"w":15,"h":20}
},
"_scx6.png":
{
	"frame": {"x":60,"y":80,"w":15,"h":20},
	"rotated": false,
	"trimmed": false,
	"spriteSourceSize": {"x":0,"y":0,"w":15,"h":20},
	"sourceSize": {"w":15,"h":20}
},
"_scx7.png":
{
	"frame": {"x":45,"y":100,"w":15,"h":20},
	"rotated": false,
	"trimmed": false,
	"spriteSourceSize": {"x":0,"y":0,"w":15,"h":20},
	"sourceSize": {"w":15,"h":20}
},
"_scx8.png":
{
	"frame": {"x":15,"y":160,"w":15,"h":20},
	"rotated": false,
	"trimmed": false,
	"spriteSourceSize": {"x":0,"y":0,"w":15,"h":20},
	"sourceSize": {"w":15,"h":20}
},
"_scx10.png":
{
	"frame": {"x":67,"y":120,"w":13,"h":20},
	"rotated": false,
	"trimmed": false,
	"spriteSourceSize": {"x":0,"y":0,"w":15,"h":20},
	"sourceSize": {"w":15,"h":20}
},
"a.png":
{
	"frame": {"x":15,"y":180,"w":15,"h":20},
	"rotated": false,
	"trimmed": false,
	"spriteSourceSize": {"x":0,"y":0,"w":15,"h":20},
	"sourceSize": {"w":15,"h":20}
},
"A.png":
{
	"frame": {"x":0,"y":60,"w":15,"h":20},
	"rotated": false,
	"trimmed": false,
	"spriteSourceSize": {"x":0,"y":0,"w":15,"h":20},
	"sourceSize": {"w":15,"h":20}
},
"B.png":
{
	"frame": {"x":15,"y":60,"w":15,"h":20},
	"rotated": false,
	"trimmed": false,
	"spriteSourceSize": {"x":0,"y":0,"w":15,"h":20},
	"sourceSize": {"w":15,"h":20}
},
"b.png":
{
	"frame": {"x":15,"y":200,"w":15,"h":20},
	"rotated": false,
	"trimmed": false,
	"spriteSourceSize": {"x":0,"y":0,"w":15,"h":20},
	"sourceSize": {"w":15,"h":20}
},
"c.png":
{
	"frame": {"x":15,"y":220,"w":15,"h":20},
	"rotated": false,
	"trimmed": false,
	"spriteSourceSize": {"x":0,"y":0,"w":15,"h":20},
	"sourceSize": {"w":15,"h":20}
},
"C.png":
{
	"frame": {"x":30,"y":60,"w":15,"h":20},
	"rotated": false,
	"trimmed": false,
	"spriteSourceSize": {"x":0,"y":0,"w":15,"h":20},
	"sourceSize": {"w":15,"h":20}
},
"d.png":
{
	"frame": {"x":30,"y":140,"w":15,"h":20},
	"rotated": false,
	"trimmed": false,
	"spriteSourceSize": {"x":0,"y":0,"w":15,"h":20},
	"sourceSize": {"w":15,"h":20}
},
"D.png":
{
	"frame": {"x":45,"y":60,"w":15,"h":20},
	"rotated": false,
	"trimmed": false,
	"spriteSourceSize": {"x":0,"y":0,"w":15,"h":20},
	"sourceSize": {"w":15,"h":20}
},
"E.png":
{
	"frame": {"x":60,"y":60,"w":15,"h":20},
	"rotated": false,
	"trimmed": false,
	"spriteSourceSize": {"x":0,"y":0,"w":15,"h":20},
	"sourceSize": {"w":15,"h":20}
},
"e.png":
{
	"frame": {"x":45,"y":140,"w":14,"h":20},
	"rotated": false,
	"trimmed": false,
	"spriteSourceSize": {"x":0,"y":0,"w":15,"h":20},
	"sourceSize": {"w":15,"h":20}
},
"F.png":
{
	"frame": {"x":75,"y":60,"w":15,"h":20},
	"rotated": false,
	"trimmed": false,
	"spriteSourceSize": {"x":0,"y":0,"w":15,"h":20},
	"sourceSize": {"w":15,"h":20}
},
"f.png":
{
	"frame": {"x":62,"y":140,"w":13,"h":20},
	"rotated": false,
	"trimmed": false,
	"spriteSourceSize": {"x":0,"y":0,"w":15,"h":20},
	"sourceSize": {"w":15,"h":20}
},
"forward_Slash.png":
{
	"frame": {"x":75,"y":120,"w":15,"h":20},
	"rotated": false,
	"trimmed": false,
	"spriteSourceSize": {"x":0,"y":0,"w":15,"h":20},
	"sourceSize": {"w":15,"h":20}
},
"G.png":
{
	"frame": {"x":90,"y":60,"w":17,"h":20},
	"rotated": false,
	"trimmed": false,
	"spriteSourceSize": {"x":0,"y":0,"w":15,"h":20},
	"sourceSize": {"w":15,"h":20}
},
"g.png":
{
	"frame": {"x":75,"y":140,"w":15,"h":20},
	"rotated": false,
	"trimmed": false,
	"spriteSourceSize": {"x":0,"y":0,"w":15,"h":20},
	"sourceSize": {"w":15,"h":20}
},
"H.png":
{
	"frame": {"x":105,"y":60,"w":16,"h":20},
	"rotated": false,
	"trimmed": false,
	"spriteSourceSize": {"x":0,"y":0,"w":15,"h":20},
	"sourceSize": {"w":15,"h":20}
},
"h.png":
{
	"frame": {"x":90,"y":140,"w":15,"h":20},
	"rotated": false,
	"trimmed": false,
	"spriteSourceSize": {"x":0,"y":0,"w":15,"h":20},
	"sourceSize": {"w":15,"h":20}
},
"i.png":
{
	"frame": {"x":109,"y":140,"w":7,"h":20},
	"rotated": false,
	"trimmed": false,
	"spriteSourceSize": {"x":0,"y":0,"w":15,"h":20},
	"sourceSize": {"w":15,"h":20}
},
"I.png":
{
	"frame": {"x":3,"y":80,"w":8,"h":20},
	"rotated": false,
	"trimmed": false,
	"spriteSourceSize": {"x":0,"y":0,"w":15,"h":20},
	"sourceSize": {"w":15,"h":20}
},
"j.png":
{
	"frame": {"x":30,"y":160,"w":15,"h":20},
	"rotated": false,
	"trimmed": false,
	"spriteSourceSize": {"x":0,"y":0,"w":15,"h":20},
	"sourceSize": {"w":15,"h":20}
},
"J.png":
{
	"frame": {"x":15,"y":80,"w":15,"h":20},
	"rotated": false,
	"trimmed": false,
	"spriteSourceSize": {"x":0,"y":0,"w":15,"h":20},
	"sourceSize": {"w":15,"h":20}
},
"k.png":
{
	"frame": {"x":30,"y":180,"w":14,"h":20},
	"rotated": false,
	"trimmed": false,
	"spriteSourceSize": {"x":0,"y":0,"w":15,"h":20},
	"sourceSize": {"w":15,"h":20}
},
"K.png":
{
	"frame": {"x":30,"y":80,"w":16,"h":19},
	"rotated": false,
	"trimmed": false,
	"spriteSourceSize": {"x":0,"y":0,"w":15,"h":20},
	"sourceSize": {"w":15,"h":20}
},
"l.png":
{
	"frame": {"x":33,"y":200,"w":8,"h":20},
	"rotated": false,
	"trimmed": false,
	"spriteSourceSize": {"x":0,"y":0,"w":15,"h":20},
	"sourceSize": {"w":15,"h":20}
},
"L.png":
{
	"frame": {"x":45,"y":80,"w":15,"h":20},
	"rotated": false,
	"trimmed": false,
	"spriteSourceSize": {"x":0,"y":0,"w":15,"h":20},
	"sourceSize": {"w":15,"h":20}
},
"Left_Carrot.png":
{
	"frame": {"x":60,"y":80,"w":15,"h":20},
	"rotated": false,
	"trimmed": false,
	"spriteSourceSize": {"x":0,"y":0,"w":15,"h":20},
	"sourceSize": {"w":15,"h":20}
},
"m.png":
{
	"frame": {"x":29,"y":220,"w":17,"h":20},
	"rotated": false,
	"trimmed": false,
	"spriteSourceSize": {"x":0,"y":0,"w":15,"h":20},
	"sourceSize": {"w":15,"h":20}
},
"M.png":
{
	"frame": {"x":76,"y":80,"w":18,"h":20},
	"rotated": false,
	"trimmed": false,
	"spriteSourceSize": {"x":0,"y":0,"w":15,"h":20},
	"sourceSize": {"w":15,"h":20}
},
"N.png":
{
	"frame": {"x":94,"y":80,"w":17,"h":20},
	"rotated": false,
	"trimmed": false,
	"spriteSourceSize": {"x":0,"y":0,"w":15,"h":20},
	"sourceSize": {"w":15,"h":20}
},
"n.png":
{
	"frame": {"x":45,"y":160,"w":15,"h":20},
	"rotated": false,
	"trimmed": false,
	"spriteSourceSize": {"x":0,"y":0,"w":15,"h":20},
	"sourceSize": {"w":15,"h":20}
},
"o.png":
{
	"frame": {"x":60,"y":160,"w":15,"h":20},
	"rotated": false,
	"trimmed": false,
	"spriteSourceSize": {"x":0,"y":0,"w":15,"h":20},
	"sourceSize": {"w":15,"h":20}
},
"O.png":
{
	"frame": {"x":111,"y":80,"w":17,"h":20},
	"rotated": false,
	"trimmed": false,
	"spriteSourceSize": {"x":0,"y":0,"w":15,"h":20},
	"sourceSize": {"w":15,"h":20}
},
"P.png":
{
	"frame": {"x":0,"y":100,"w":15,"h":20},
	"rotated": false,
	"trimmed": false,
	"spriteSourceSize": {"x":0,"y":0,"w":15,"h":20},
	"sourceSize": {"w":15,"h":20}
},
"p.png":
{
	"frame": {"x":74,"y":160,"w":15,"h":20},
	"rotated": false,
	"trimmed": false,
	"spriteSourceSize": {"x":0,"y":0,"w":15,"h":20},
	"sourceSize": {"w":15,"h":20}
},
"period.png":
{
	"frame": {"x":45,"y":20,"w":15,"h":20},
	"rotated": false,
	"trimmed": false,
	"spriteSourceSize": {"x":0,"y":0,"w":15,"h":20},
	"sourceSize": {"w":15,"h":20}
},
"q.png":
{
	"frame": {"x":90,"y":160,"w":15,"h":20},
	"rotated": false,
	"trimmed": false,
	"spriteSourceSize": {"x":0,"y":0,"w":15,"h":20},
	"sourceSize": {"w":15,"h":20}
},
"Q.png":
{
	"frame": {"x":15,"y":100,"w":16,"h":20},
	"rotated": false,
	"trimmed": false,
	"spriteSourceSize": {"x":0,"y":0,"w":15,"h":20},
	"sourceSize": {"w":15,"h":20}
},
"question_mark.png":
{
	"frame": {"x":15,"y":140,"w":15,"h":20},
	"rotated": false,
	"trimmed": false,
	"spriteSourceSize": {"x":0,"y":0,"w":15,"h":20},
	"sourceSize": {"w":15,"h":20}
},
"quotation.png":
{
	"frame": {"x":60,"y":120,"w":15,"h":20},
	"rotated": false,
	"trimmed": false,
	"spriteSourceSize": {"x":0,"y":0,"w":15,"h":20},
	"sourceSize": {"w":15,"h":20}
},
"R.png":
{
	"frame": {"x":30,"y":100,"w":15,"h":20},
	"rotated": false,
	"trimmed": false,
	"spriteSourceSize": {"x":0,"y":0,"w":15,"h":20},
	"sourceSize": {"w":15,"h":20}
},
"r.png":
{
	"frame": {"x":105,"y":160,"w":14,"h":20},
	"rotated": false,
	"trimmed": false,
	"spriteSourceSize": {"x":0,"y":0,"w":15,"h":20},
	"sourceSize": {"w":15,"h":20}
},
"Right_Carrot.png":
{
	"frame": {"x":45,"y":100,"w":15,"h":20},
	"rotated": false,
	"trimmed": false,
	"spriteSourceSize": {"x":0,"y":0,"w":15,"h":20},
	"sourceSize": {"w":15,"h":20}
},
"s.png":
{
	"frame": {"x":45,"y":180,"w":15,"h":20},
	"rotated": false,
	"trimmed": false,
	"spriteSourceSize": {"x":0,"y":0,"w":15,"h":20},
	"sourceSize": {"w":15,"h":20}
},
"S.png":
{
	"frame": {"x":60,"y":100,"w":15,"h":20},
	"rotated": false,
	"trimmed": false,
	"spriteSourceSize": {"x":0,"y":0,"w":15,"h":20},
	"sourceSize": {"w":15,"h":20}
},
"t.png":
{
	"frame": {"x":47,"y":200,"w":11,"h":20},
	"rotated": false,
	"trimmed": false,
	"spriteSourceSize": {"x":0,"y":0,"w":15,"h":20},
	"sourceSize": {"w":15,"h":20}
},
"T.png":
{
	"frame": {"x":76,"y":100,"w":13,"h":20},
	"rotated": false,
	"trimmed": false,
	"spriteSourceSize": {"x":0,"y":0,"w":15,"h":20},
	"sourceSize": {"w":15,"h":20}
},
"U.png":
{
	"frame": {"x":89,"y":100,"w":16,"h":20},
	"rotated": false,
	"trimmed": false,
	"spriteSourceSize": {"x":0,"y":0,"w":15,"h":20},
	"sourceSize": {"w":15,"h":20}
},
"u.png":
{
	"frame": {"x":45,"y":220,"w":15,"h":20},
	"rotated": false,
	"trimmed": false,
	"spriteSourceSize": {"x":0,"y":0,"w":15,"h":20},
	"sourceSize": {"w":15,"h":20}
},
"v.png":
{
	"frame": {"x":60,"y":180,"w":15,"h":20},
	"rotated": false,
	"trimmed": false,
	"spriteSourceSize": {"x":0,"y":0,"w":15,"h":20},
	"sourceSize": {"w":15,"h":20}
},
"V.png":
{
	"frame": {"x":105,"y":100,"w":15,"h":20},
	"rotated": false,
	"trimmed": false,
	"spriteSourceSize": {"x":0,"y":0,"w":15,"h":20},
	"sourceSize": {"w":15,"h":20}
},
"w.png":
{
	"frame": {"x":59,"y":200,"w":17,"h":20},
	"rotated": false,
	"trimmed": false,
	"spriteSourceSize": {"x":0,"y":0,"w":15,"h":20},
	"sourceSize": {"w":15,"h":20}
},
"W.png":
{
	"frame": {"x":2,"y":120,"w":19,"h":20},
	"rotated": false,
	"trimmed": false,
	"spriteSourceSize": {"x":0,"y":0,"w":15,"h":20},
	"sourceSize": {"w":15,"h":20}
},
"X.png":
{
	"frame": {"x":0,"y":140,"w":15,"h":20},
	"rotated": false,
	"trimmed": false,
	"spriteSourceSize": {"x":0,"y":0,"w":15,"h":20},
	"sourceSize": {"w":15,"h":20}
},
"x.png":
{
	"frame": {"x":60,"y":220,"w":15,"h":20},
	"rotated": false,
	"trimmed": false,
	"spriteSourceSize": {"x":0,"y":0,"w":15,"h":20},
	"sourceSize": {"w":15,"h":20}
},
"y.png":
{
	"frame": {"x":75,"y":180,"w":15,"h":20},
	"rotated": false,
	"trimmed": false,
	"spriteSourceSize": {"x":0,"y":0,"w":15,"h":20},
	"sourceSize": {"w":15,"h":20}
},
"Y.png":
{
	"frame": {"x":0,"y":160,"w":15,"h":20},
	"rotated": false,
	"trimmed": false,
	"spriteSourceSize": {"x":0,"y":0,"w":15,"h":20},
	"sourceSize": {"w":15,"h":20}
},
"Z.png":
{
	"frame": {"x":0,"y":180,"w":15,"h":20},
	"rotated": false,
	"trimmed": false,
	"spriteSourceSize": {"x":0,"y":0,"w":15,"h":20},
	"sourceSize": {"w":15,"h":20}
},
"z.png":
{
	"frame": {"x":90,"y":180,"w":15,"h":20},
	"rotated": false,
	"trimmed": false,
	"spriteSourceSize": {"x":0,"y":0,"w":15,"h":20},
	"sourceSize": {"w":15,"h":20}
},
"é.png":
{
	"frame": {"x":75,"y":200,"w":15,"h":20},
	"rotated": false,
	"trimmed": false,
	"spriteSourceSize": {"x":0,"y":0,"w":15,"h":20},
	"sourceSize": {"w":15,"h":20}
},
"è.png":
{
	"frame": {"x":91,"y":200,"w":15,"h":20},
	"rotated": false,
	"trimmed": false,
	"spriteSourceSize": {"x":0,"y":0,"w":15,"h":20},
	"sourceSize": {"w":15,"h":20}
},
"ê.png":
{
	"frame": {"x":105,"y":200,"w":15,"h":20},
	"rotated": false,
	"trimmed": false,
	"spriteSourceSize": {"x":0,"y":0,"w":15,"h":20},
	"sourceSize": {"w":15,"h":20}
},
"â.png":
{
	"frame": {"x":75,"y":220,"w":15,"h":20},
	"rotated": false,
	"trimmed": false,
	"spriteSourceSize": {"x":0,"y":0,"w":15,"h":20},
	"sourceSize": {"w":15,"h":20}
},
"ù.png":
{
	"frame": {"x":90,"y":220,"w":15,"h":20},
	"rotated": false,
	"trimmed": false,
	"spriteSourceSize": {"x":0,"y":0,"w":15,"h":20},
	"sourceSize": {"w":15,"h":20}
},
"ç.png":
{
	"frame": {"x":105,"y":220,"w":15,"h":20},
	"rotated": false,
	"trimmed": false,
	"spriteSourceSize": {"x":0,"y":0,"w":15,"h":20},
	"sourceSize": {"w":15,"h":20}
},
"à.png":
{
	"frame": {"x":2,"y":240,"w":15,"h":20},
	"rotated": false,
	"trimmed": false,
	"spriteSourceSize": {"x":0,"y":0,"w":15,"h":20},
	"sourceSize": {"w":15,"h":20}
},
"ô.png":
{
	"frame": {"x":16,"y":240,"w":15,"h":20},
	"rotated": false,
	"trimmed": false,
	"spriteSourceSize": {"x":0,"y":0,"w":15,"h":20},
	"sourceSize": {"w":15,"h":20}
},
"û.png":
{
	"frame": {"x":31,"y":240,"w":15,"h":20},
	"rotated": false,
	"trimmed": false,
	"spriteSourceSize": {"x":0,"y":0,"w":15,"h":20},
	"sourceSize": {"w":15,"h":20}
},
"î.png":
{
	"frame": {"x":48,"y":240,"w":9,"h":20},
	"rotated": false,
	"trimmed": false,
	"spriteSourceSize": {"x":0,"y":0,"w":15,"h":20},
	"sourceSize": {"w":15,"h":20}
},
"œ.png":
{
	"frame": {"x":57,"y":240,"w":19,"h":20},
	"rotated": false,
	"trimmed": false,
	"spriteSourceSize": {"x":0,"y":0,"w":15,"h":20},
	"sourceSize": {"w":15,"h":20}
},
"ï.png":
{
	"frame": {"x":75,"y":240,"w":9,"h":20},
	"rotated": false,
	"trimmed": false,
	"spriteSourceSize": {"x":0,"y":0,"w":15,"h":20},
	"sourceSize": {"w":15,"h":20}
},
"ë.png":
{
	"frame": {"x":85,"y":240,"w":15,"h":20},
	"rotated": false,
	"trimmed": false,
	"spriteSourceSize": {"x":0,"y":0,"w":15,"h":20},
	"sourceSize": {"w":15,"h":20}
},
"Ô.png":
{
	"frame": {"x":130,"y":80,"w":15,"h":20},
	"rotated": false,
	"trimmed": false,
	"spriteSourceSize": {"x":0,"y":0,"w":15,"h":20},
	"sourceSize": {"w":15,"h":20}
},
"Ù.png":
{
	"frame": {"x":119,"y":100,"w":16,"h":20},
	"rotated": false,
	"trimmed": false,
	"spriteSourceSize": {"x":0,"y":0,"w":15,"h":20},
	"sourceSize": {"w":15,"h":20}
},
"Û.png":
{
	"frame": {"x":133,"y":100,"w":16,"h":20},
	"rotated": false,
	"trimmed": false,
	"spriteSourceSize": {"x":0,"y":0,"w":15,"h":20},
	"sourceSize": {"w":15,"h":20}
},
"ü.png":
{
	"frame": {"x":122,"y":180,"w":15,"h":20},
	"rotated": false,
	"trimmed": false,
	"spriteSourceSize": {"x":0,"y":0,"w":15,"h":20},
	"sourceSize": {"w":15,"h":20}
},
"Ü.png":
{
	"frame": {"x":122,"y":200,"w":16,"h":20},
	"rotated": false,
	"trimmed": false,
	"spriteSourceSize": {"x":0,"y":0,"w":15,"h":20},
	"sourceSize": {"w":15,"h":20}
},
"Œ.png":
{
	"frame": {"x":122,"y":160,"w":19,"h":20},
	"rotated": false,
	"trimmed": false,
	"spriteSourceSize": {"x":0,"y":0,"w":15,"h":20},
	"sourceSize": {"w":15,"h":20}
},
"Î.png":
{
	"frame": {"x":118,"y":140,"w":8,"h":20},
	"rotated": false,
	"trimmed": false,
	"spriteSourceSize": {"x":0,"y":0,"w":15,"h":20},
	"sourceSize": {"w":15,"h":20}
},
"Ï.png":
{
	"frame": {"x":128,"y":140,"w":8,"h":20},
	"rotated": false,
	"trimmed": false,
	"spriteSourceSize": {"x":0,"y":0,"w":15,"h":20},
	"sourceSize": {"w":15,"h":20}
},
"À.png":
{
	"frame": {"x":121,"y":20,"w":15,"h":20},
	"rotated": false,
	"trimmed": false,
	"spriteSourceSize": {"x":0,"y":0,"w":15,"h":20},
	"sourceSize": {"w":15,"h":20}
},
"Â.png":
{
	"frame": {"x":134,"y":40,"w":15,"h":20},
	"rotated": false,
	"trimmed": false,
	"spriteSourceSize": {"x":0,"y":0,"w":15,"h":20},
	"sourceSize": {"w":15,"h":20}
},
"É.png":
{
	"frame": {"x":121,"y":60,"w":15,"h":20},
	"rotated": false,
	"trimmed": false,
	"spriteSourceSize": {"x":0,"y":0,"w":15,"h":20},
	"sourceSize": {"w":15,"h":20}
},
"È.png":
{
	"frame": {"x":134,"y":60,"w":15,"h":20},
	"rotated": false,
	"trimmed": false,
	"spriteSourceSize": {"x":0,"y":0,"w":15,"h":20},
	"sourceSize": {"w":15,"h":20}
},
"Ê.png":
{
	"frame": {"x":121,"y":40,"w":15,"h":20},
	"rotated": false,
	"trimmed": false,
	"spriteSourceSize": {"x":0,"y":0,"w":15,"h":20},
	"sourceSize": {"w":15,"h":20}
},
"Ë.png":
{
	"frame": {"x":134,"y":20,"w":15,"h":20},
	"rotated": false,
	"trimmed": false,
	"spriteSourceSize": {"x":0,"y":0,"w":15,"h":20},
	"sourceSize": {"w":15,"h":20}
},
"Ç.png":
{
	"frame": {"x":127,"y":120,"w":15,"h":20},
	"rotated": false,
	"trimmed": false,
	"spriteSourceSize": {"x":0,"y":0,"w":15,"h":20},
	"sourceSize": {"w":15,"h":20}
},
"~.png":
{
	"frame": {"x":105,"y":180,"w":15,"h":20},
	"rotated": false,
	"trimmed": false,
	"spriteSourceSize": {"x":0,"y":0,"w":15,"h":20},
	"sourceSize": {"w":15,"h":20}
}},
"meta": {
	"app": "https://www.codeandweb.com/texturepacker",
	"version": "1.0",
	"image": "Temmie_Lettering04.png",
	"format": "RGBA8888",
	"size": {"w":150,"h":300},
	"scale": "1",
	"smartupdate": "$TexturePacker:SmartUpdate:eb775b2f59a217a8c5e04d81897d05a8:6944fbd2cb11d81f67199b99ad8e07b0:3170dcfe453f75abf850941e5e81a218$"
}
}
